Series Name,Series Code,Country Name,Country Code,2000 [YR2000],2001 [YR2001],2002 [YR2002],2003 [YR2003],2004 [YR2004],2005 [YR2005],2006 [YR2006],2007 [YR2007],2008 [YR2008],2009 [YR2009],2010 [YR2010],2011 [YR2011],2012 [YR2012],2013 [YR2013],2014 [YR2014],2015 [YR2015],2016 [YR2016],2017 [YR2017],2018 [YR2018],2019 [YR2019]
Superficie (kilómetros cuadrados),AG.SRF.TOTL.K2,Estados Unidos,USA,9632030,9632030,9632030,9632030,9632030,9632030,9632030,9632030,9831510,9831510,9831510,9831510,9831510,9831510,9831510,9831510,9831510,9831510,9831510,..
Superficie (kilómetros cuadrados),AG.SRF.TOTL.K2,Unión Europea,EUU,"4384964,99511719","4384984,99511719","4385294,99511719","4385644,99511719","4385414,99511719","4385434,99511719","4385724,99511719","4385704,99511719","4385719,99511719","4385855,99609375","4386039,99023438","4386021,99707031","4383341,99707031","4384062,19238281","4384082,59277344","4384131,57714844","4384317,59277344","4384317,59277344","4384317,59277344",..
Superficie (kilómetros cuadrados),AG.SRF.TOTL.K2,Japón,JPN,377800,377880,377890,377900,377910,377910,377920,377930,377940,"377946,9921875",377950,377955,377960,"377961,9921875","377961,9921875","377971,015625",377970,377970,377970,..
Superficie (kilómetros cuadrados),AG.SRF.TOTL.K2,Mundo,WLD,"131606512,293178","131606902,668177","131607327,418178","131607728,793148","131605872,77708","131607830,159892","131608165,134891","131608206,109878","131807675,133315","131805348,055386","131805574,218215","131805826,432909","131803288,425096","132047813,110236","132046109,51847","132048793,077485","132036620,811879","132036620,811879","132025199,411879",..
"INB, método Atlas (US$ a precios actuales)",NY.GNP.ATLS.CD,Estados Unidos,USA,"10147603801972,1","10462204209818,2","10732675433275,6","11536447371063,5","12740511355508,5","13651359826763,6","14285630945718,5",14608317798282,"14894712325833,9","14643696781531,1","15154198695429,4","15756881924473,8","16560497008306,3",17048936792647,"17776476297335,5",18191395170921,"18467339419486,5","19194752830167,1","20636317813893,1",..
"INB, método Atlas (US$ a precios actuales)",NY.GNP.ATLS.CD,Unión Europea,EUU,"7922739957040,18","7639017402698,37","7515657598848,96","8523562906388,89","10408524663469,9","12019963315038,8","12933305815644,9","13880684138736,7","15126465192403,1","15217828701351,6","15324165275355,3","15512137752735,6",15230455669052,"15405595055533,9","15431659405717,7","14851494200811,2","14341337851793,5",14188699533990,15400516895732,..
"INB, método Atlas (US$ a precios actuales)",NY.GNP.ATLS.CD,Japón,JPN,"4595162800787,34","4675882499303,02","4434184873540,57","4479549240351,11","4899554578633,61","5182637712714,9","5105064678226,86","4959300110562,37","4975181428117,34","4967603590411,75","5562857597245,51","5992371028553,94","6315107709544,04","6152741865330,52","5593496346714,75","4937689703849,62","4811002750189,15","4877472155240,56","5226599302149,56",..
"INB, método Atlas (US$ a precios actuales)",NY.GNP.ATLS.CD,Mundo,WLD,"33561947316609,4","33848117667858,6","34017960211925,8",36997067184470,"42684534716336,2","47889487891691,6","51727094199598,1","55816858147447,6","60496591262737,3","61441779950219,8","65150970812259,6","69342571298832,1","74383298496300,8","77972927926451,3","79770040509575,4",78222524504821,"77193341607078,5","78477732850440,6","84467096108959,9",..
"INB per cápita, método Atlas (US$ a precios actuales)",NY.GNP.PCAP.CD,Estados Unidos,USA,35960,36710,37310,39770,43510,46190,47880,48500,48980,47730,48990,50570,52770,53950,55850,56740,57180,59060,63170,..
"INB per cápita, método Atlas (US$ a precios actuales)",NY.GNP.PCAP.CD,Unión Europea,EUU,"18453,789275043","17769,4698553631","17442,4983536766","19711,491038236","23980,5524929949","27595,1823592184","29595,7976133777","31657,2052598014","34387,9684613671","34513,9812939092","34706,7731810261","35195,1087526818","34505,2017132139","34817,3061990391","34789,1597843544","33408,3965866927","32192,6332967221","31803,7978286299","34469,5375328625",..
"INB per cápita, método Atlas (US$ a precios actuales)",NY.GNP.PCAP.CD,Japón,JPN,36230,36770,34790,35070,38350,40560,39930,38740,38850,38800,43440,46880,49480,48280,43950,38840,37880,38470,41310,..
"INB per cápita, método Atlas (US$ a precios actuales)",NY.GNP.PCAP.CD,Mundo,WLD,"5489,00761935107","5464,88609463083","5423,07819846499","5824,50543901073","6636,62161066832","7354,15452407561","7845,85725306498","8362,79409068428","8952,92803320545","8982,86040925911","9411,83046465289","9901,43096008958","10496,84894854","10874,5852932873","10995,4024056383","10657,5082730766","10396,3065252918","10449,8570880694","11124,5035489608",..
"INB, PPA (a $ internacionales actuales)",NY.GNP.MKTP.PP.CD,Estados Unidos,USA,10383859000000,10743709000000,11054325000000,11530268000000,12313988000000,13169702000000,14072966000000,14543216000000,14684602000000,14398708000000,15126736000000,15832207000000,16670651000000,17175898000000,18057489000000,18704317000000,19045164000000,19830277000000,20837347000000,..
"INB, PPA (a $ internacionales actuales)",NY.GNP.MKTP.PP.CD,Unión Europea,EUU,"9450789029632,36","9913343605867,23","10343753580359,2",10603540408992,"11167068131534,7",11645473563496,"12700308771121,7","13524730025563,6","14188148133946,5","14016507009431,5","14497431336707,3","15183681285935,9","15439844164239,9","16005060380559,4","16459786369101,6","16939265171923,6","18053075117402,6",19091726068654,"19845251184454,4",..
"INB, PPA (a $ internacionales actuales)",NY.GNP.MKTP.PP.CD,Japón,JPN,"3452930586529,41","3546345231235,99","3639730784809,42","3752540602986,5","3950153980558,91","4133438974348,17","4341515713395,91","4548813737724,68","4573202767880,07","4354890214696,97","4596530742002,53","4702730270932,62","4873844260962,84","5133797407300,4","5166025961476,02","5333311667417,55","5250725624304,29","5362181305221,06","5441912207702,95",..
"INB, PPA (a $ internacionales actuales)",NY.GNP.MKTP.PP.CD,Mundo,WLD,"48562045964550,1","50939542007174,9","53343590475730,4","56299413148230,9","60895855533427,5","65603366829894,3","72209385969125,3","78025173861600,1","82421271173857,6","83184721124720,1","88706885964628,6","94613218636394,1","99866432838457,3",104509456372039,108781100527595,110990528886378,115047179010026,121248631145921,128204523455537,..
"INB per cápita, PPA (a $ internacionales actuales)",NY.GNP.PCAP.PP.CD,Estados Unidos,USA,36800,37700,38430,39740,42060,44570,47160,48280,48290,46940,48900,50820,53120,54360,56730,58340,58970,61020,63780,..
"INB per cápita, PPA (a $ internacionales actuales)",NY.GNP.PCAP.PP.CD,Unión Europea,EUU,"22012,9488259613","23059,8846794209","24006,0037891939","24521,6224765295","25728,1864797776","26735,4365584511","29062,621218068","30845,3927935595","32254,8318030306","31789,3879753358","32834,3535892157","34449,8819339283","34979,5796582917","36172,1235690843","37106,9709974838","38104,8318168461","40524,5335643522","42793,8723089097","44417,7708568477",..
"INB per cápita, PPA (a $ internacionales actuales)",NY.GNP.PCAP.PP.CD,Japón,JPN,27220,27890,28560,29380,30920,32350,33960,35540,35710,34010,35890,36790,38190,40280,40590,41950,41350,42290,43010,..
"INB per cápita, PPA (a $ internacionales actuales)",NY.GNP.PCAP.PP.CD,Mundo,WLD,"7942,25191393397","8224,35083432172","8503,93323804764","8863,30358187502","9468,13063604996","10074,3883095555","10952,5683476268","11690,1682493614","12197,5750008806","12161,7039521303","12814,7617961401","13509,8285900439","14092,9870243242","14575,5331689588","14994,2505580842","15122,0187193884","15494,4158778155","16145,1002925068","16884,8195554656",..
"Esperanza de vida al nacer, total (años)",SP.DYN.LE00.IN,Estados Unidos,USA,"76,6365853658537","76,8365853658537","76,9365853658537","77,0365853658537","77,4878048780488","77,4878048780488","77,6878048780488","77,9878048780488","78,0390243902439","78,390243902439","78,5414634146342","78,6414634146342","78,7414634146342","78,7414634146342","78,8414634146342","78,690243902439","78,5390243902439","78,5390243902439","78,5390243902439",..
"Esperanza de vida al nacer, total (años)",SP.DYN.LE00.IN,Unión Europea,EUU,"77,0784478034954","77,4254833726522","77,5327215385665","77,5906619819933","78,1174033670785","78,2710112460057","78,6689232717419","78,902036027545","79,1254988711873","79,3572283355053","79,6294260577636","80,1377728776197","80,1568881522259","80,4637409328603","80,8704475779471","80,5668071425711","80,9430924611932","80,9233480362463","80,9705020352997",..
"Esperanza de vida al nacer, total (años)",SP.DYN.LE00.IN,Japón,JPN,"81,0760975609756","81,4170731707317","81,5634146341463","81,76","82,030243902439","81,9251219512195","82,3219512195122","82,5070731707317","82,5875609756098","82,9314634146342","82,8426829268293","82,5912195121951","83,0960975609756","83,3319512195122","83,5878048780488","83,7939024390244","83,9848780487805","84,099756097561","84,2109756097561",..
"Esperanza de vida al nacer, total (años)",SP.DYN.LE00.IN,Mundo,WLD,"67,5492524707912","67,8218018433451","68,0704254931116","68,3269909859311","68,6523458862461","68,9203232526539","69,2624252997287","69,5920781966474","69,8993034310335","70,246578342168","70,5562091851305","70,8841280025966","71,1717237403955","71,4622399997747","71,7423797696902","71,9475233241941","72,180484337864","72,3852964421493","72,5600558271252",..
"Tasa de fertilidad, total (nacimientos por cada mujer)",SP.DYN.TFRT.IN,Estados Unidos,USA,"2,056","2,0305","2,0205","2,0475","2,0515","2,057","2,108","2,12","2,072","2,002","1,931","1,8945","1,8805","1,8575","1,8625","1,8435","1,8205","1,7655","1,7295",..
"Tasa de fertilidad, total (nacimientos por cada mujer)",SP.DYN.TFRT.IN,Unión Europea,EUU,"1,44128713930823","1,42297308938683","1,42115650991393","1,43243670758802","1,45596898885149","1,4679126682962","1,49446129235359","1,51647248386517","1,56708202620681","1,55962775421073","1,56730970817445","1,53353400371744","1,53327049963174","1,50733811339319","1,53528332001578","1,53724639716132","1,5661463653879","1,55748600849838","1,54345225719826",..
"Tasa de fertilidad, total (nacimientos por cada mujer)",SP.DYN.TFRT.IN,Japón,JPN,"1,359","1,33","1,32","1,29","1,29","1,26","1,32","1,34","1,37","1,37","1,39","1,39","1,41","1,43","1,42","1,45","1,44","1,43","1,42",..
"Tasa de fertilidad, total (nacimientos por cada mujer)",SP.DYN.TFRT.IN,Mundo,WLD,"2,69602080460424","2,66631024449004","2,64370446917385","2,62484448939347","2,60856900743557","2,58801168942147","2,57712935871693","2,56712823985926","2,55506507316766","2,53429153084949","2,5164079871188","2,49880832693412","2,48938488431576","2,47301858291181","2,46564750799094","2,45626374851034","2,44557565303686","2,42819623848249","2,41503220525515",..
Prevalencia de uso de métodos anticonceptivos (% de mujeres entre 15 y 49 años),SP.DYN.CONU.ZS,Estados Unidos,USA,..,..,"72,8",..,..,..,..,"77,1","76,4",..,"76,4",..,"74,1","74,1","72,70028",..,"75,9371810574748",..,..,..
Prevalencia de uso de métodos anticonceptivos (% de mujeres entre 15 y 49 años),SP.DYN.CONU.ZS,Unión Europea,EUU,..,..,..,..,..,..,..,..,..,..,..,..,..,..,"72,2624537587039",..,..,..,..,..
Prevalencia de uso de métodos anticonceptivos (% de mujeres entre 15 y 49 años),SP.DYN.CONU.ZS,Japón,JPN,"55,9",..,..,..,52,"54,3",..,..,..,..,..,..,..,..,"54,7","39,8",..,..,..,..
Prevalencia de uso de métodos anticonceptivos (% de mujeres entre 15 y 49 años),SP.DYN.CONU.ZS,Mundo,WLD,"60,2404893962144",..,..,..,..,..,..,..,..,..,..,..,..,..,"62,4572614075047",..,..,..,..,..
Nacimientos asistidos por personal de salud capacitado (% del total),SH.STA.BRTC.ZS,Estados Unidos,USA,"99,4","99,4","99,5","99,3","99,3","99,4","99,4","99,3","99,3","99,3","99,2","99,3","99,3","99,2","98,5","99,1",..,..,..,..
Nacimientos asistidos por personal de salud capacitado (% del total),SH.STA.BRTC.ZS,Unión Europea,EUU,"99,3930058242519",..,..,..,..,..,..,..,..,..,"98,797320873463",..,..,..,..,..,"98,5380168317508",..,..,..
Nacimientos asistidos por personal de salud capacitado (% del total),SH.STA.BRTC.ZS,Japón,JPN,"99,8","99,8","99,8","99,8","99,8","99,8","99,8","99,8","99,8","99,8","99,8","99,8","99,8",..,"99,8","99,9",..,..,..,..
Nacimientos asistidos por personal de salud capacitado (% del total),SH.STA.BRTC.ZS,Mundo,WLD,"62,682082729485",..,..,..,..,..,..,..,..,..,"70,0700738799319",..,..,..,..,..,"80,9713396344708",..,..,..
"Tasa de mortalidad, menores de 5 años (por cada 1.000)",SH.DYN.MORT,Estados Unidos,USA,"8,4","8,3","8,2","8,1","8,1",8,"7,9","7,7","7,6","7,5","7,3","7,2","7,1",7,"6,9","6,8","6,7","6,6","6,5",..
"Tasa de mortalidad, menores de 5 años (por cada 1.000)",SH.DYN.MORT,Unión Europea,EUU,"7,15502466641302","6,85125291322609","6,60245127759949","6,35894314313182","6,12699338445576","5,87889598378574","5,6074133593185","5,36753731122074","5,14200734866682","4,96094674543196","4,82774975746973","4,67612725394388","4,55983288236631","4,46021496973108","4,33189599257812","4,22367165132545","4,1097951767118","4,00113125363214","3,88719573394755",..
"Tasa de mortalidad, menores de 5 años (por cada 1.000)",SH.DYN.MORT,Japón,JPN,"4,5","4,3","4,1",4,"3,9","3,7","3,6","3,5","3,4","3,3","3,2","3,4",3,"2,9","2,8",3,"2,7","2,6","2,5",..
"Tasa de mortalidad, menores de 5 años (por cada 1.000)",SH.DYN.MORT,Mundo,WLD,"76,4","73,8","71,1","68,4","65,9",63,"60,4","57,9","55,6","53,2","51,3",49,"47,1","45,4","43,8","42,4","41,1","39,8","38,6",..
"Tasa de finalización de la educación de nivel primario, total (% del grupo etario correspondiente)",SE.PRM.CMPT.ZS,Estados Unidos,USA,..,..,..,..,..,..,..,..,..,..,..,..,..,..,..,..,..,"98,8322",..,..
"Tasa de finalización de la educación de nivel primario, total (% del grupo etario correspondiente)",SE.PRM.CMPT.ZS,Unión Europea,EUU,"97,76476","98,82216","97,94525","98,11234","97,92248","96,75162","96,40678","97,20971","97,1014","97,04903","97,36161","97,44744","96,8082","96,74014","96,57399","97,33527","96,66967","97,19801","97,26261",..
"Tasa de finalización de la educación de nivel primario, total (% del grupo etario correspondiente)",SE.PRM.CMPT.ZS,Japón,JPN,..,..,..,..,..,..,..,..,..,..,..,..,..,..,..,..,..,..,..,..
"Tasa de finalización de la educación de nivel primario, total (% del grupo etario correspondiente)",SE.PRM.CMPT.ZS,Mundo,WLD,"81,77908","82,60549","83,26699","84,00906","84,54358","85,33132","85,80875","86,78066","88,33477","89,02232","88,79363","88,23209","89,14018","89,18956","88,93665","88,63873","88,73469","89,01403","89,58919",..
"Inscripción escolar, nivel primario (% bruto)",SE.PRM.ENRR,Estados Unidos,USA,..,..,..,..,..,"101,87402",..,..,..,..,"100,33347","99,38988","99,16532","99,45544","99,67338","100,29991","101,36286","101,82144",..,..
"Inscripción escolar, nivel primario (% bruto)",SE.PRM.ENRR,Unión Europea,EUU,"102,4513","102,2513","101,727","101,5552","102,3","102,8173","102,8213","102,8193","103,0471","102,7845","102,7011","102,5409","102,7609","103,4077","102,0661","101,9494","101,604","101,9404","101,9467",..
"Inscripción escolar, nivel primario (% bruto)",SE.PRM.ENRR,Japón,JPN,..,..,..,..,..,..,..,..,..,..,..,..,..,..,..,..,..,..,..,..
"Inscripción escolar, nivel primario (% bruto)",SE.PRM.ENRR,Mundo,WLD,"98,7694","99,56456","99,84207","101,3847","101,8789","102,1933","102,2821","103,0563","103,4182","103,3007","103,1511","103,4867","104,1734","104,0195","102,7814","102,5117","103,9504","103,6537","103,9455",..
"Inscripción escolar, nivel secundario (% bruto)",SE.SEC.ENRR,Estados Unidos,USA,..,..,..,..,..,"95,05248",..,..,..,..,"94,84594","95,99382","96,25171","96,18649","96,92454","97,65255","98,76993","98,95234",..,..
"Inscripción escolar, nivel secundario (% bruto)",SE.SEC.ENRR,Unión Europea,EUU,"100,8632","102,0387","102,9368","103,1323","101,7508","103,3882","102,8621","102,7671","103,4227","103,7501","105,0828","104,3131","103,8723","110,2648","110,1928","110,1079","110,1475","110,5769","110,6269",..
"Inscripción escolar, nivel secundario (% bruto)",SE.SEC.ENRR,Japón,JPN,..,..,..,..,..,..,..,..,..,..,..,..,..,..,..,..,..,..,..,..
"Inscripción escolar, nivel secundario (% bruto)",SE.SEC.ENRR,Mundo,WLD,"59,93148","60,34813","61,20136","62,19312","63,1664","64,09655","65,28465","66,9504","68,57447","69,39923","71,05775","72,25662","73,0725","74,49809","75,31977","75,41746","75,65189","75,37733","75,56108",..
Proporción de niñas con respecto a niños en educación primaria y secundaria (%),SE.ENR.PRSC.FM.ZS,Estados Unidos,USA,..,..,..,..,..,"1,00387",..,..,..,..,"1,0008","1,00434","0,9949","0,9971","1,00423","1,00508","0,99626","0,99363",..,..
Proporción de niñas con respecto a niños en educación primaria y secundaria (%),SE.ENR.PRSC.FM.ZS,Unión Europea,EUU,"1,00193","1,00285","1,0009","1,00192","1,00248","1,0006","0,99945","0,99927","0,99839","0,99553","0,9939","0,99348","0,99312","1,00096","1,00134","1,00083","1,00095","0,99763","0,99792",..
Proporción de niñas con respecto a niños en educación primaria y secundaria (%),SE.ENR.PRSC.FM.ZS,Japón,JPN,..,..,..,..,..,..,..,..,..,..,..,..,..,..,..,..,..,..,..,..
Proporción de niñas con respecto a niños en educación primaria y secundaria (%),SE.ENR.PRSC.FM.ZS,Mundo,WLD,"0,92124","0,92497","0,92742","0,94474","0,94585","0,95044","0,95423","0,95847","0,9652","0,97221","0,97113","0,97362","0,97705","0,99176","0,99382","0,99435","0,99992","0,99767","0,99711",..
Área selvática  (kilómetros cuadrados),AG.LND.FRST.K2,Estados Unidos,USA,3035360,"3037801,875","3040244,0625","3042685,9375","3045128,125",3047570,"3055495,9375","3063421,875","3071348,125","3079274,0625",3087200,3089950,3092700,3095450,3098200,3100950,3103700,..,..,..
Área selvática  (kilómetros cuadrados),AG.LND.FRST.K2,Unión Europea,EUU,"1547363,49450678","1551368,30712885","1555372,99096674","1559377,70242304","1563382,50527948","1567387,29898065","1572379,88473505","1577372,40457147","1582365,2066955","1587357,70516962","1592350,19204706","1596042,60354608","1599735,10537714","1603427,4974975","1607119,99993891","1610812,39190668","1614504,80279535",..,..,..
Área selvática  (kilómetros cuadrados),AG.LND.FRST.K2,Japón,JPN,248760,"248878,0078125","248995,99609375","249114,00390625","249231,9921875",249350,"249411,9921875","249474,00390625","249535,99609375","249598,0078125",249660,"249644,00390625","249628,0078125","249611,9921875","249595,99609375",249580,"249564,00390625",..,..,..
Área selvática  (kilómetros cuadrados),AG.LND.FRST.K2,Mundo,WLD,"40556022,3","40510303,3","40464584,1","40418865,2",40373146,40327427,"40293287,6","40259147,7","40225008,7","40190869,1","40156729,7","40123639,2","40090560,5",40057482,"40024403,3","39991324,6","39958245,9",..,..,..
Áreas protegidas terrestres y marinas (% del total de la superficie territorial),ER.PTD.TOTL.ZS,Estados Unidos,USA,..,..,..,..,..,..,..,..,..,..,..,..,..,..,..,..,"26,326199718432","26,328083601169","26,328083601169",..
Áreas protegidas terrestres y marinas (% del total de la superficie territorial),ER.PTD.TOTL.ZS,Unión Europea,EUU,..,..,..,..,..,..,..,..,..,..,..,..,..,..,..,..,"21,5620965285248","23,4022412851694","23,4022412851694",..
Áreas protegidas terrestres y marinas (% del total de la superficie territorial),ER.PTD.TOTL.ZS,Japón,JPN,..,..,..,..,..,..,..,..,..,..,..,..,..,..,..,..,"2,09183621347664","10,0262887092871","10,0262887092871",..
Áreas protegidas terrestres y marinas (% del total de la superficie territorial),ER.PTD.TOTL.ZS,Mundo,WLD,..,..,..,..,..,..,..,..,..,..,..,..,..,..,..,..,"13,4776900384793","14,4881475936918","14,4881639524738",..
"Extracción anual de agua dulce, total (% de recursos internos)",ER.H2O.FWTL.ZS,Estados Unidos,USA,..,..,"16,8026969481902",..,..,..,..,"16,9836763662172",..,..,..,..,"14,8580553584102",..,"14,8580553584102",..,..,..,..,..
"Extracción anual de agua dulce, total (% de recursos internos)",ER.H2O.FWTL.ZS,Unión Europea,EUU,..,..,..,..,..,..,..,..,..,..,..,..,..,..,"15,1787613496176",..,..,..,..,..
"Extracción anual de agua dulce, total (% de recursos internos)",ER.H2O.FWTL.ZS,Japón,JPN,..,..,"19,6418604651163",..,..,..,..,"19,2441860465116",..,..,..,..,"18,8883720930233",..,..,..,..,..,..,..
"Extracción anual de agua dulce, total (% de recursos internos)",ER.H2O.FWTL.ZS,Mundo,WLD,..,..,..,..,..,..,..,..,..,..,..,..,..,..,..,..,..,..,..,..
Uso de energía (kg de equivalente de petróleo per cápita),EG.USE.PCAP.KG.OE,Estados Unidos,USA,"8056,86384994775","7827,88632537183","7843,34484914192","7794,23553026383","7881,57864206405","7846,49968849973","7697,65253500041","7758,16598577052","7488,08192070473","7056,78365282718","7161,55335526998","7030,55496056877","6873,04927088303","6907,04604045685","6962,54981699587","6806,19993946204",..,..,..,..
Uso de energía (kg de equivalente de petróleo per cápita),EG.USE.PCAP.KG.OE,Unión Europea,EUU,"3428,66111345047","3515,39167548827","3512,78620066753","3576,49112467152","3607,68682053707","3605,8689383384","3618,5578576805","3554,91390029475","3533,83642479756","3321,3407442385","3448,02362323516","3335,59211532741","3288,24731669706","3242,63918086227","3123,59574020241","3278,35207782641",..,..,..,..
Uso de energía (kg de equivalente de petróleo per cápita),EG.USE.PCAP.KG.OE,Japón,JPN,"4083,83169745276","4008,26803199396","3991,97756679352","3953,18450805681","4078,21054155807","4062,97904878182","4053,88343735824","4012,65424488871","3858,43452050944","3678,51113263099","3893,26660420083","3610,81216900174","3537,3631698125","3567,62935383891","3470,76312894811","3428,55721600428",..,..,..,..
Uso de energía (kg de equivalente de petróleo per cápita),EG.USE.PCAP.KG.OE,Mundo,WLD,"1636,70295130853","1635,96112635208","1648,70820126584","1687,9185358463","1739,25507345924","1766,47410553648","1796,0008151507","1823,39359667352","1828,98816622967","1795,50936646868","1873,91837808676","1880,98072021051","1893,23365689374","1896,27124030089","1922,71449013653",..,..,..,..,..
Emisiones de CO2 (toneladas métricas per cápita),EN.ATM.CO2E.PC,Estados Unidos,USA,"20,1787505069199","19,6365050677187","19,6134040768814","19,5641045293305","19,6583711815215","19,5918852294317","19,0940665201349","19,217897835532","18,4617638680802","17,1577377931966","17,4431109038447","16,9782179256299","16,3127177497672","16,3267834994756","16,507265616325",..,..,..,..,..
Emisiones de CO2 (toneladas métricas per cápita),EN.ATM.CO2E.PC,Unión Europea,EUU,"9,11186610282943","9,29922784420594","9,22293827424804","9,35928239453727","9,34506612423831","9,27436706749296","9,3175865116963","9,13044264991502","8,90091201107881","8,16833897837647","8,40204581628766","8,09555187736558","7,91614897574543","7,73267439280574","7,30841954370354",..,..,..,..,..
Emisiones de CO2 (toneladas métricas per cápita),EN.ATM.CO2E.PC,Japón,JPN,"9,62235162366075","9,46430870868037","9,57313013456785","9,72528205891104","9,90920349715484","9,6988825182159","9,63204861795486","9,78296389871954","9,44953397156087","8,62081638773263","9,14831603810416","9,31742666604085","9,63862828980874","9,7808150653223","9,53870610327163",..,..,..,..,..
Emisiones de CO2 (toneladas métricas per cápita),EN.ATM.CO2E.PC,Mundo,WLD,"4,03799899694828","4,0809923501945","4,0885954020581","4,25817567732397","4,41465403151607","4,52863727345848","4,63650717208789","4,67163717489354","4,76257374433998","4,66263309974576","4,83548171628833","4,97587728318007","5,00559389572707","4,99813140790417","4,9812559111957",..,..,..,..,..
Consumo de energía eléctrica (kWh per cápita),EG.USE.ELEC.KH.PC,Estados Unidos,USA,"13671,0520240061","13046,6141478464","13296,1822993023","13307,4920085002","13388,5897105591","13704,5770481407","13583,2669593387","13657,4528282523","13663,4279681827","12913,7146883015","13395,1399317757","13247,0131280108","12966,1159339299","13006,7492006922","12997,4486288777",..,..,..,..,..
Consumo de energía eléctrica (kWh per cápita),EG.USE.ELEC.KH.PC,Unión Europea,EUU,"5780,19694302982","5916,93386563122","5996,40118593598","6127,2440745992","6242,21852095758","6295,43764679743","6380,76075254972","6405,55168855954","6409,24415100947","6082,50336003672","6350,40808736823","6247,77740959475","6248,06392642513","6160,73238643848","6021,86098325015",..,..,..,..,..
Consumo de energía eléctrica (kWh per cápita),EG.USE.ELEC.KH.PC,Japón,JPN,"8299,40950624","8162,01464423629","8266,09910157323","8164,9336820182","8393,25772340542","8539,01058909159","8542,47813912744","8710,0257029242","8270,00773057011","8020,27380571197","8594,90903412197","8099,59869517261","7998,34677071825","7988,58331044764","7819,71463590936",..,..,..,..,..
Consumo de energía eléctrica (kWh per cápita),EG.USE.ELEC.KH.PC,Mundo,WLD,"2386,71871040279","2380,33679120096","2435,10114020106","2500,48568039909","2578,35270115651","2656,14846921792","2732,42481426291","2822,07801974687","2843,36781587365","2793,8693070182","2957,94307836287","3023,19120253721","3050,21489639225","3110,5016556127","3132,50634346562",..,..,..,..,..
PIB (US$ a precios actuales),NY.GDP.MKTP.CD,Estados Unidos,USA,10252345464000,10581821399000,10936419054000,11458243878000,12213729147000,13036640229000,13814611414000,14451858650000,14712844084000,14448933025000,14992052727000,15542581104000,16197007349000,16784849190000,17521746534000,18219297584000,18707188235000,19485393853000,"20544343456936,5",..
PIB (US$ a precios actuales),NY.GDP.MKTP.CD,Unión Europea,EUU,"7258060812953,45","7385944125907,17","8047699909021,74","9909170158133,26","11396119066042,9","11902181715509,9","12699806876309,1","14707134757359,4","16234436573911,9","14707389453532,7","14540122378828,4","15740251081656,3","14634470770544,9","15291337809935,9","15631241536377,2","13545202459222,5","13882044553929,9","14701144884801,7","15912779344835,3",..
PIB (US$ a precios actuales),NY.GDP.MKTP.CD,Japón,JPN,"4887519660744,86","4303544259842,72","4115116279069,77","4445658071221,86","4815148854362,11","4755410630912,14","4530377224970,4","4515264514430,57","5037908465114,48","5231382674593,7","5700098114744,41","6157459594823,72","6203213121334,12","5155717056270,83","4850413536037,84","4389475622588,97","4926667087367,51","4859950558538,97","4971323079771,87",..
PIB (US$ a precios actuales),NY.GDP.MKTP.CD,Mundo,WLD,"33588568226721,8","33396774717513,7","34674958552618,4","38903667053120,3","43817512446338,4","47457731188389,4","51447884999567,6","57968090589081,9","63610422341569,7","60334303773856,4","66049248793368,4","73391477748703,3","75082688938148,2","77236184877355,8","79334438915146,1","75051787690892,3","76166454624306,9","80963190912336,8","85930754374373,9",..
Crecimiento del PIB (% anual),NY.GDP.MKTP.KD.ZG,Estados Unidos,USA,"4,12748401355853","0,9983407946565","1,7416952497298","2,86121076741024","3,79889112662393","3,51321379665302","2,85497229170015","1,87617145846693","-0,136579805460741","-2,53675706585665","2,56376655876581","1,55083550568156","2,24954585236992","1,84208107101102","2,45197303536034","2,88091046605219","1,56721516997864","2,21701033031884","2,92732272821085",..
Crecimiento del PIB (% anual),NY.GDP.MKTP.KD.ZG,Unión Europea,EUU,"3,90681682257272","2,18941410298174","1,12272642650571","0,925509317588748","2,60243651197712","1,93116815393695","3,49336878862894","3,15614364240852","0,652745889409758","-4,32697950569377","2,20542525610246","1,83384909369413","-0,745618663261467","-0,0606159646748381","1,58491082635585","2,35235594256453","2,0609074020151","2,72396707525778","2,12651008975671",..
Crecimiento del PIB (% anual),NY.GDP.MKTP.KD.ZG,Japón,JPN,"2,77963282527575","0,406335903186886","0,117992776763344","1,52822014815892","2,20468788231713","1,662670405184","1,42000655604446","1,65418388116969","-1,09354060040749","-5,41641279673664","4,19173925858955","-0,115421339717841","1,49508958594926","2,0002678411015","0,374719476331322","1,22292104108077","0,609093181244134","1,92875725125687","0,788455875670337",..
Crecimiento del PIB (% anual),NY.GDP.MKTP.KD.ZG,Mundo,WLD,"4,38355965556268","1,9496450720349","2,17679330504042","2,95695279051915","4,40129492180429","3,91330213523121","4,37754214989261","4,3190683350186","1,85011524786928","-1,67838913869518","4,29917497334667","3,13245671614577","2,50762572544059","2,65549197314101","2,83504965518124","2,85725701174107","2,58511646789077","3,19656183955655","3,05839460423694",..
"Inflación, índice de deflación del PIB (% anual)",NY.GDP.DEFL.KD.ZG,Estados Unidos,USA,"2,23547440913843","2,1934253421126","1,58176300748477","1,85709520256464","2,69221212444054","3,11494234269192","3,02620465117329","2,6862788620527","1,94513174792792","0,762349987094908","1,16525054526011","2,08890377669013","1,91784900672151","1,75491574826864","1,89189129365117","1,06934165915725","1,09352542352599","1,90077753786528","2,43595060727107",..
"Inflación, índice de deflación del PIB (% anual)",NY.GDP.DEFL.KD.ZG,Unión Europea,EUU,"3,32970477807837","3,47475200280421","3,27434188043023","2,68281652443969","2,70926818790251","2,54310465575838","2,89907382207626","2,96634514780449","3,25286325598351","1,67883895982297","0,940413624501218","1,6502027525509","1,67527012376287","1,2799869936059","0,918221818685311","1,11874587447134","0,858465884038481","1,51191022454982","2,04124778445261",..
"Inflación, índice de deflación del PIB (% anual)",NY.GDP.DEFL.KD.ZG,Japón,JPN,"-1,3836855315122","-1,10451689565595","-1,45828604324903","-1,61698114349711","-1,10073587718506","-1,0374346522035","-0,88337779762665","-0,729479771224135","-0,980895409116798","-0,611272559422147","-1,89516353533925","-1,67432577435902","-0,761554976029473","-0,333177012012101","1,74531419653535","2,14539677858083","0,267580429398436","-0,220084775168871","-0,0856622796172815",..
"Inflación, índice de deflación del PIB (% anual)",NY.GDP.DEFL.KD.ZG,Mundo,WLD,"4,49379471619187","3,72253247753254","3,46361563926989","3,93354520267644","5,59964928328056","5,78125184255491","5,51009528326347","5,44070201807728","7,81976548413598","2,36845731502022","4,22978499907933","5,66265674725217","3,57651352093811","2,30800000946725","1,91150380003631","2,10937915301012","1,81347002127168","3,32353805571519","2,7536470741022",..
"Agricultura, valor agregado (% del PIB)",NV.AGR.TOTL.ZS,Estados Unidos,USA,"1,15045636546451","1,12932550544931","0,970430947058331","1,11525741955411","1,25866007956923","1,14225527731252","1,00067777411318","1,06682214193951","1,06578313550217","0,968572535825703","1,04248133891985","1,21648753662505","1,15882894880324","1,33351367930879","1,18865561487182","1,04256091720468","0,940404125890274","0,91647931957252",..,..
"Agricultura, valor agregado (% del PIB)",NV.AGR.TOTL.ZS,Unión Europea,EUU,"2,35474441121557","2,36800681878191","2,17836921203181","2,09410086644361","2,08971597110837","1,79883961857821","1,6832310660678","1,6946574101444","1,63459865802725","1,50226005848912","1,62543245771358","1,70724212857997","1,69799060662284","1,74771976119761","1,71415154466082","1,66221601541753","1,61958198096497","1,71467761194122","1,65070952533706",..
"Agricultura, valor agregado (% del PIB)",NV.AGR.TOTL.ZS,Japón,JPN,"1,53599921018557","1,38260628483475","1,39211087428307","1,31480224997754","1,2423281853267","1,12536364829677","1,09429154321186","1,06090374019961","1,05840864794359","1,08261270150623","1,10225982049905","1,0754189233601","1,14179569465804","1,10418708697322","1,05626649230554","1,11390541063969","1,21107550490087","1,18925693500848",..,..
"Agricultura, valor agregado (% del PIB)",NV.AGR.TOTL.ZS,Mundo,WLD,"4,85869825396955","4,76866189914919","4,65876464735523","4,52692732160435","4,4309467903799","4,05750263173699","3,80841432630017","3,76493975926028","3,74106019448853","3,68484150849132","3,66085114543114","3,70499482744087","3,63913479093359","3,68764434556198","3,59044619461013","3,52369688265059","3,52410422582606","3,43177860890126",..,..
"Industria, valor agregado (% del PIB)",NV.IND.TOTL.ZS,Estados Unidos,USA,"22,4543862190713","21,4739916723102","20,6412607714986","20,7393072909074","20,96034469234","21,223491224719","21,5938538450445","21,4461294360916","20,860737478607","19,324003503712","19,3552915457272","19,4169009561953","19,1559852455803","19,258201288611","19,2965936268919","18,5241378842391","17,9549024407409","18,2079400178702",..,..
"Industria, valor agregado (% del PIB)",NV.IND.TOTL.ZS,Unión Europea,EUU,"25,442470512453","25,1688639906569","24,7679825252545","24,4368444078293","24,4178290995376","24,2528527439464","24,4581135990347","24,4448799527024","24,112635401672","22,730570386447","22,9289704683331","22,9311966873907","22,6606391056099","22,3040467227122","22,2104439626423","22,415042441506","22,4476187168579","22,380637508327","22,3786984946924",..
"Industria, valor agregado (% del PIB)",NV.IND.TOTL.ZS,Japón,JPN,"32,7582560289801","31,269854016692","30,5396539674898","30,4154030058554","30,298614840832","30,1993883992759","29,9825937495789","29,8824950412667","29,0052902188277","27,2724672676869","28,4446069072311","26,8817083953574","26,7480501344359","26,9376337008392","27,6880609329877","29,0196224571341","28,9052110277425","29,1441051992224",..,..
"Industria, valor agregado (% del PIB)",NV.IND.TOTL.ZS,Mundo,WLD,"29,0235226231417","28,2286914218851","27,8451233791859","27,9094075471301","28,2679268716775","28,5943228232108","28,8426894853542","28,5883196807107","28,4212336953872","26,7179752271001","27,194475417591","27,3815861441291","26,9771850043428","26,6048601211854","26,3873937557133","25,5528014922742","25,1207634667217","25,4369366607232",..,..
Exportaciones de bienes y servicios (% del PIB),NE.EXP.GNFS.ZS,Estados Unidos,USA,"10,6927239610622","9,68298331038577","9,13224881991615","9,04306987207242","9,64186274172664","10,0119737683374","10,6598220961005","11,4923141737205","12,4860631262841","10,9488776594284","12,3150580752357","13,5305390136184","13,5289189711659","13,5445244354918","13,535773933254","12,4417529794929","11,8703515039496","12,094833790784","12,2186917545542",..
Exportaciones de bienes y servicios (% del PIB),NE.EXP.GNFS.ZS,Unión Europea,EUU,"35,8534360861336","35,789568380157","35,0788380215687","34,3940443081465","36,040639238559","37,4321479013545","39,5696030931643","40,5924766630524","40,9800943266242","36,171568259038","40,0417801622912","42,782187887555","44,2167833265326","44,2934059452917","44,8943224186555","45,7577021916621","45,2346366452265","46,7609644098604","47,2158578614032",..
Exportaciones de bienes y servicios (% del PIB),NE.EXP.GNFS.ZS,Japón,JPN,"10,6244850068159","10,2290991481917","11,0182210299423","11,6392934662293","12,9720323077118","14,012441121792","15,8729022962927","17,4933165716298","17,4240377234641","12,5209141554358","15,0367569834071","14,9249962098743","14,5447525563827","15,9153981234384","17,540301551347","17,6109755367671","16,2527631298108","17,7742262785627","18,4482975021555",..
Exportaciones de bienes y servicios (% del PIB),NE.EXP.GNFS.ZS,Mundo,WLD,"26,0258884857067","25,3134353943774","25,3003972912573","25,8340919024216","27,5045541095628","28,641999967684","29,8401328045694","30,0922311193544","30,7598908717045","26,5616145543244","28,9655383835748","30,5598876847775","30,628694374825","30,4017494197976","30,179103373173","29,3127562125524","28,459697394545","29,4264912402045","30,1060648406047",..
Importaciones de bienes y servicios (% del PIB),NE.IMP.GNFS.ZS,Estados Unidos,USA,"14,3509112638306","13,1599745213201","13,022022958046","13,434030697806","14,7105439982785","15,5440202721268","16,2403265120172","16,4634878988385","17,4007349318961","13,6926857960849","15,7428942052039","17,2587550423633","17,0392649736644","16,4684827889121","16,4330764311238","15,2950188510407","14,6436490913943","15,0474864512352","15,3252110810918",..
Importaciones de bienes y servicios (% del PIB),NE.IMP.GNFS.ZS,Unión Europea,EUU,"35,3090741496335","34,575113059985","32,9961660099671","32,7055031570656","34,132090769295","35,9448332925252","38,3939231635174","39,305298351298","40,0511826139329","34,5000937323686","38,502129412442","41,211051123176","41,45062326177","40,8924125530474","41,2750322900799","41,6810069310647","41,0540041443768","42,7220584444767","43,5313511938651",..
Importaciones de bienes y servicios (% del PIB),NE.IMP.GNFS.ZS,Japón,JPN,"9,19516770266525","9,56902897677843","9,66739032943129","9,94383593192636","10,9503241482064","12,5030526614629","14,458879322927","15,6005719141407","16,9749827016931","11,9699857610097","13,5762507297335","15,4680067601598","16,0913711326959","18,2321241332052","20,0054682452576","18,0300451818283","15,2626074094417","16,8393344681254","18,1928640768829",..
Importaciones de bienes y servicios (% del PIB),NE.IMP.GNFS.ZS,Mundo,WLD,"25,1031959012493","24,6669025555278","24,3310849277696","24,9726560919633","26,6062416226151","27,5827397948351","28,6304911154275","28,9744889986662","30,1390175382799","25,8523396342094","28,1686252860538","29,9776265104125","29,9517798326892","29,6975525262795","29,6010655384047","28,5585415284653","27,652759641852","28,5951111891945","29,3453368186362",..
Formación bruta de capital (% del PIB),NE.GDI.TOTL.ZS,Estados Unidos,USA,"23,6751483699321","22,1769477249141","21,7081385440482","21,7422235599583","22,6585751713657","23,3803031030933","23,5391854504464","22,5924919352847","21,1190167058118","17,8045811102374","18,7431037708356","19,1035258566922","20,0208898479027","20,4137431395057","20,8126797915019","21,0990516087505","20,3875694844635","20,6589870872958","21,005572697155",..
Formación bruta de capital (% del PIB),NE.GDI.TOTL.ZS,Unión Europea,EUU,"23,744360032301","23,1279158030123","22,1653049794332","22,1086496646813","22,341133048963","22,5148672482537","23,5150547082305","24,3832562754958","23,9529624160335","20,6071635666296","21,1633962262482","21,7308074032455","20,2348335103873","19,7695419176099","20,1578204041184","20,5946316975068","20,716243348816","21,1950130475111","21,7190264839651",..
Formación bruta de capital (% del PIB),NE.GDI.TOTL.ZS,Japón,JPN,"27,3071314927113","26,5605108937773","24,6555043526358","24,3972311252197","24,3486227684219","24,7494718895669","24,7486285768839","24,4834472534843","24,5478482788209","21,3236745175189","21,2974856396642","22,1033010214516","22,6544234531794","23,190909893087","23,9161003821934","24,022669586189","23,4074036206889","23,9029839013989","24,4135478449467",..
Formación bruta de capital (% del PIB),NE.GDI.TOTL.ZS,Mundo,WLD,"24,5395385500895","24,0413529310448","23,4589475354636","23,9222784243284","24,7817679967196","25,0240074403709","25,4994859699689","25,8766207153518","25,7021534328884","23,4778646463242","24,299989307912","24,6421554674897","24,5046448908707","24,4016803783127","24,5931794211578","24,5078259310391","24,0716604396447","24,3070403867465","24,3663395614951",..
"Recaudación, excluidas las donaciones (% del PIB)",GC.REV.XGRT.GD.ZS,Estados Unidos,USA,"20,573341070162","19,5150562661656","17,3832969513423","16,782445202551","16,8515903310788","17,9353227436526","18,6329026771712","18,6888798556025","17,7874235943681","15,7041408945143","16,4716509804735","16,6950140561415","16,8104189948898","18,8714206731577","18,9487029364193","19,0754456036333","18,6591531348859","19,5562190261467","17,1874949783698",..
"Recaudación, excluidas las donaciones (% del PIB)",GC.REV.XGRT.GD.ZS,Unión Europea,EUU,"34,9295025076033","34,4932225352046","34,0071426044062","33,912607033211","33,5023110373608","33,7401513686525","34,0033232939006","34,1401216210562","33,849807157651","33,524661974951","33,8377043093468","33,9330417846549","34,5606410717493","35,1827566013348","35,1670606236381","34,8414757520569","34,7204925292505","34,7926864264253","34,9482508966375",..
"Recaudación, excluidas las donaciones (% del PIB)",GC.REV.XGRT.GD.ZS,Japón,JPN,"11,5044256188462","11,0252292043097","10,1438177997784","9,93394071835758","10,35126325088","11,375399517069","11,8394009106823","11,4836853629627","10,2796401183986","9,51168639083475","9,86805539039468","10,4289811836792","10,7571321318288","11,5400866019735","12,5105472915645","12,6267268789908","12,2942111964035","12,8252598180334","13,0890229753458",..
"Recaudación, excluidas las donaciones (% del PIB)",GC.REV.XGRT.GD.ZS,Mundo,WLD,"24,3978328680902","24,2192937007056","23,4269329908653","23,1048277543956","23,1295913819277","22,6116253020444","23,1446406938544","23,9575893965941","23,0599807086386","21,751152019463","22,3745716714279","22,6041549386026","22,8731773261948","23,5108475615763","23,8944258082194","23,7451913656284","23,5272169200975","23,9130989632915","24,7143712599912",..
Tiempo necesario para iniciar un negocio (días),IC.REG.DURS,Estados Unidos,USA,..,..,..,..,..,..,..,..,..,..,..,..,..,"6,2","5,6","5,6","5,6","5,6","5,6","4,2"
Tiempo necesario para iniciar un negocio (días),IC.REG.DURS,Unión Europea,EUU,..,..,..,"45,4583333333333",40,"30,5833333333333","26,84","23,06","20,0192307692308","17,8269230769231","16,9038461538462","16,6296296296296","16,3703703703704","15,7777777777778","14,3518518518519","13,2407407407407","12,7222222222222","12,3518518518519","13,2777777777778","12,162962962963"
Tiempo necesario para iniciar un negocio (días),IC.REG.DURS,Japón,JPN,..,..,..,..,..,..,..,..,..,..,..,..,..,"11,6","11,1","11,2","11,1","11,1","11,1","11,2"
Tiempo necesario para iniciar un negocio (días),IC.REG.DURS,Mundo,WLD,..,..,..,"51,5097014925373","48,4604166666667","50,720245398773","47,8431137724551","43,3111764705882","39,946783625731","37,728488372093","35,9377906976744","31,8747126436782","31,3578651685393","26,7687830687831","24,2883597883598","23,3936842105263","22,9952631578947","21,4847368421053","20,5","19,5952879581152"
Crédito interno proporcionado por el sector financiero (% del PIB),FS.AST.DOMS.GD.ZS,Estados Unidos,USA,"81,9707454212255","86,6298209815644","88,3272898438397","89,2776795303257","89,7295608110549","91,8377803237957","94,4365506780204","98,6643552119035","101,920322798619","103,154824916297","97,4611025386811","99,7059033239367","99,0712321704819","103,630906431782","105,084119450991","104,07139957001","106,329955215703","106,836232376103","102,706774521628",..
Crédito interno proporcionado por el sector financiero (% del PIB),FS.AST.DOMS.GD.ZS,Unión Europea,EUU,..,"112,864067932467","112,325785387909","115,047703023727","115,571466040041","120,464788872979","126,859740367879","135,189589910747","143,099931403303","149,338936384112","162,173518529587","163,651536793","163,313256881843","151,613894093058","153,19147000082","147,384786164022","148,052135933605","142,323800377929","138,923166645347",..
Crédito interno proporcionado por el sector financiero (% del PIB),FS.AST.DOMS.GD.ZS,Japón,JPN,"234,132893872483","228,373753243833","225,688220330573","227,711913772509","223,383370659623","220,815697853674","214,690848783887","208,143927211475","214,635894404567","234,615108038594","232,532013840604","238,820594271365","245,17584550745","251,937474710618","257,098911021336","258,732292679475","271,731540203259","278,118894140925","281,398336786293",..
Crédito interno proporcionado por el sector financiero (% del PIB),FS.AST.DOMS.GD.ZS,Mundo,WLD,"108,478002182014","111,41952589754","112,28906081177","113,92431049873","112,587144537834","112,077721562502","112,757896554201","115,290940801742","119,187217239243","126,165866168076","125,527912280134","125,666198556282","125,887762980953","124,366819766389","128,028825124564","132,432466492869","139,497785247656","138,109852460172","139,052708316852",..
Recaudación impositiva (% del PIB),GC.TAX.TOTL.GD.ZS,Estados Unidos,USA,"12,9690323513663","11,8578253467648","9,8614198548431","9,38922239267074","9,54017799130747","10,6838278539105","11,3112743686473","11,3073877871065","10,3160122633975","7,91945327741596","8,59573284236889","9,57400376451656","9,79715675746712","10,5199485560585","10,9512347771758","11,2147073210679","10,9019168160415","11,7642666978839","9,63258720897131",..
Recaudación impositiva (% del PIB),GC.TAX.TOTL.GD.ZS,Unión Europea,EUU,"19,9698221799186","19,4923409590679","19,0722355658434","18,8851497823264","18,7074419048827","19,0140176694987","19,3594569373006","19,627161518777","19,0967031106179","18,3223521151868","18,7122337714402","18,7580658589037","19,1233411046593","19,558558528488","19,6564015879559","19,5645397293406","19,5078901340095","19,6830641644311","19,8190563501401",..
Recaudación impositiva (% del PIB),GC.TAX.TOTL.GD.ZS,Japón,JPN,"10,3722570086538","9,89592833720519","9,06159893423506","8,91896343951415","9,35269405607359","10,1370110781084","10,512741333553","10,1061862948999","8,93159165356451","8,36891038016266","8,80978443457721","9,35681820725527","9,68241294398789","10,3606176452117","11,4692065790191","11,4235720182082","11,1549658722684","11,6419465077444","11,8663781882953",..
Recaudación impositiva (% del PIB),GC.TAX.TOTL.GD.ZS,Mundo,WLD,"15,6637061160177","15,2602457396895","14,3709455294254","14,1690121414122","14,3054600180549","14,4297464933944","14,8265123145366","14,9815778214381","14,4167515626814","13,1796335483213","13,4708172960949","13,8234736467819","13,9249307935769","14,2223617220012","14,3335036888038","14,3516615481678","14,2495946789488","14,6871295770276","14,9765057067032",..
Gasto militar (% del PIB),MS.MIL.XPND.GD.ZS,Estados Unidos,USA,"2,93344028780476","2,94434336848894","3,24954850934068","3,60728627990974","3,78557099126879","3,86106478227475","3,81957969277306","3,85390557713025","4,22169199770677","4,62710307491574","4,65700092288901","4,57670425313993","4,22781807423097","3,81119867585356","3,48089719592458","3,27183126417642","3,20789216926033","3,10901040543496","3,16286487973421",..
Gasto militar (% del PIB),MS.MIL.XPND.GD.ZS,Unión Europea,EUU,"1,75952853142288","1,71274241797872","1,69640911015143","1,69143282333372","1,66572688734158","1,62701649420598","1,57284712870906","1,52986149194835","1,54705905032389","1,63354015421683","1,56651108969872","1,50188976108835","1,49847624984567","1,44505923797274","1,40899466384808","1,40198797467338","1,41494045065764","1,44038367498333","1,44744550881365",..
Gasto militar (% del PIB),MS.MIL.XPND.GD.ZS,Japón,JPN,"0,931136155654198","0,947079855833118","0,955834671547417","0,95567390575915","0,941607638434338","0,93158165258881","0,917197037578028","0,897626654117959","0,920247843496941","0,983777356941048","0,958851325032142","0,986806292524448","0,96742708258411","0,950865860745235","0,966999334469794","0,95805043104534","0,939582602953803","0,930768157014813","0,923839535738282",..
Gasto militar (% del PIB),MS.MIL.XPND.GD.ZS,Mundo,WLD,"2,16545427636793","2,19978067265636","2,30229603298977","2,36150098177147","2,3605524874792","2,36282116854585","2,32808121106134","2,29297468596496","2,359380220923","2,58803405096526","2,49183939105684","2,39429097064296","2,35135624212912","2,28944177276282","2,2409009352115","2,24475290313783","2,20211809846802","2,16100244358448","2,14045097290421",..
Suscripciones a telefonía celular móvil (por cada 100 personas),IT.CEL.SETS.P2,Estados Unidos,USA,"38,8618358403721","45,1498212139109","49,359627065113","55,4273203590082","63,2173953595773","69,0523663756116","77,1093481318442","82,9318062801226","86,0995201320844","89,5449638043059","92,2677709622272","95,4490458877697","97,0685991863844","98,197683848439","111,556216404889","119,14392094623","122,594548297833","123,044834498484","129,014007543009",..
Suscripciones a telefonía celular móvil (por cada 100 personas),IT.CEL.SETS.P2,Unión Europea,EUU,"51,0549483280168","63,2811357797646","69,6541287820461","76,5147210004214","84,5529277786571","94,6125714335192","104,269672825606","115,228829825008","121,303682434565","121,054867968283","118,484804990854","121,665827764571","123,701745522992","125,03687161233","123,607388066244","121,822693754965","122,144917871569","122,488895728026","122,737839323369",..
Suscripciones a telefonía celular móvil (por cada 100 personas),IT.CEL.SETS.P2,Japón,JPN,"52,3699718298117","58,5834432901032","63,4266727085886","67,6683598632661","71,3502393583923","75,1865660766979","77,7323429354806","83,5361591859459","85,8846731589191","90,4633868960358","95,9116758972041","103,316882746877","109,893595779236","115,254273309356","123,163195171324","125,451863225395","130,59524817247","135,518664405016","141,406992420382",..
Suscripciones a telefonía celular móvil (por cada 100 personas),IT.CEL.SETS.P2,Mundo,WLD,"12,0426534928429","15,4780998323746","18,5163236676534","22,2203838692587","27,2915018449691","33,7571698708736","41,5531469968627","50,2500297712422","59,359977731866","67,4787507665452","76,1428187876596","83,6951511202589","87,907510459044","92,4385536457542","96,0296667013729","97,3931631596525","100,692701181173","102,756402733511","106,434901427211",..
Exportaciones de productos de alta tecnología (% de las exportaciones de productos manufacturados),TX.VAL.TECH.MF.ZS,Estados Unidos,USA,..,..,..,..,..,..,..,"30,5131266414041","28,9713312859628","25,0095798355401","23,1160290868709","21,0676586644059","20,6599320719029","20,6516846543959","20,9962673525978","21,9451051195594","23,0133237515682","19,6915128567509","18,8956353928956",..
Exportaciones de productos de alta tecnología (% de las exportaciones de productos manufacturados),TX.VAL.TECH.MF.ZS,Unión Europea,EUU,..,..,..,..,..,..,..,"15,5824250933457","15,3561333107534","16,9464514064946","16,8677953737618","16,1454867610775","16,6621380832162","16,7218947187964","16,7888044852836","17,4085195478644","17,5735619604332","15,9777120572106","15,6064624171475",..
Exportaciones de productos de alta tecnología (% de las exportaciones de productos manufacturados),TX.VAL.TECH.MF.ZS,Japón,JPN,..,..,..,..,..,..,..,"20,1054983287662","18,8663208819007","20,5859114135805","19,1640228133429","18,4313377575536","18,3027195203566","17,8217909088892","17,7885007720576","18,0700389747809","17,339836970828","17,5604638216848","17,2676893022875",..
Exportaciones de productos de alta tecnología (% de las exportaciones de productos manufacturados),TX.VAL.TECH.MF.ZS,Mundo,WLD,..,..,..,..,..,..,..,"20,5036055348267","19,5114562384081","21,1717835512745","20,5572060396893","18,6958539084026","18,9024775887279","19,0463823038409","19,0704414314626","20,0156920756428","20,6223103705469","20,7151704368488","20,8125316491898",..
Nivel general de la capacidad estadística (escala 0 - 100),IQ.SCI.OVRL,Estados Unidos,USA,..,..,..,..,..,..,..,..,..,..,..,..,..,..,..,..,..,..,..,..
Nivel general de la capacidad estadística (escala 0 - 100),IQ.SCI.OVRL,Unión Europea,EUU,..,..,..,..,..,..,..,..,..,..,..,..,..,..,..,..,..,..,..,..
Nivel general de la capacidad estadística (escala 0 - 100),IQ.SCI.OVRL,Japón,JPN,..,..,..,..,..,..,..,..,..,..,..,..,..,..,..,..,..,..,..,..
Nivel general de la capacidad estadística (escala 0 - 100),IQ.SCI.OVRL,Mundo,WLD,..,..,..,..,..,..,..,..,..,..,..,..,..,..,..,..,..,..,..,..
Comercio de mercaderías (% del PIB),TG.VAL.TOTL.GD.ZS,Estados Unidos,USA,"19,9097660839416","18,03356840043","17,3121840947336","17,6974850735499","19,1633118094395","20,2029660536397","21,3110880340539","21,9252213624439","23,4959942500808","18,4189309715483","21,6626706104834","24,1178217113198","23,968791989464","23,2867924862183","23,0175627308273","20,9551053348666","19,7847210040649","20,2959664548485","20,8242381119048",..
Comercio de mercaderías (% del PIB),TG.VAL.TOTL.GD.ZS,Unión Europea,EUU,"59,8719976587205","58,8383005059118","57,1809840329817","56,4074681411362","59,025690772602","61,6418247962006","65,5190671877229","67,019702767514","68,2336892294796","57,4865106191172","65,3637277072615","70,7969138623637","71,7679112875018","70,5965961525329","70,3835838912504","70,4184675623337","69,0936552086247","72,2897779953645","73,7791415665577",..
Comercio de mercaderías (% del PIB),TG.VAL.TOTL.GD.ZS,Japón,JPN,"17,5704664044078","17,4875626822879","18,3207459734388","19,2265573804032","21,1876523625177","23,3588029765357","27,0571067072237","29,601145087478","30,646567135771","21,6520195607363","25,6808386545753","27,260657973478","27,153846999178","30,030022654499","30,9749053114196","29,0020519409821","25,4285499260192","28,1983321330739","29,9041316797343",..
Comercio de mercaderías (% del PIB),TG.VAL.TOTL.GD.ZS,Mundo,WLD,"39,0325244822353","37,7896613491074","38,0199655772452","39,5789716793126","42,785223422718","44,9968955339615","47,7575617906839","48,9492908691648","51,4762739176724","41,9889351732749","46,6553254828772","50,2245615634435","49,6482374393052","49,2568971647162","48,1026263453603","44,635366091721","42,6490846182901","44,4448027129819","46,1392023224915",..
Índice de términos netos de intercambio (2000 = 100),TT.PRI.MRCH.XD.WD,Estados Unidos,USA,100,"102,7979275","104,357067","102,8895769","101,2707722","97,18181818","95,92720971","96,5890183","91,79716629","98,98819562","97,08201893","94,59459459","94,68085106","95,34050179","95,86956522",100,"100,0834725","99,594485","99,84264359",..
Índice de términos netos de intercambio (2000 = 100),TT.PRI.MRCH.XD.WD,Unión Europea,EUU,..,..,..,..,..,..,..,..,..,..,..,..,..,..,..,..,..,..,..,..
Índice de términos netos de intercambio (2000 = 100),TT.PRI.MRCH.XD.WD,Japón,JPN,100,"100,5555556","100,9873061","97,67662399","92,40563893","83,23281062","75,42372881","71,65845649","62,00846945","74,37145174","67,72606886","61,59802886","60,45855379","59,01942646","58,44424726","66,66666667","72,32854864","68,68033082","64,72751588",..
Índice de términos netos de intercambio (2000 = 100),TT.PRI.MRCH.XD.WD,Mundo,WLD,100,"98,25592285","100,3956945","108,9690313","113,9768161","115,0016114","115,8663334","120,21576","123,794177","121,3064265","119,5573443","122,4016016","118,8470935","120,3161711","120,3252025","113,9770547","113,6303398","114,9102643","117,0180844",..
"Deuda externa acumulada, total (DOD, US$ a precios actuales)",DT.DOD.DECT.CD,Estados Unidos,USA,..,..,..,..,..,..,..,..,..,..,..,..,..,..,..,..,..,..,..,..
"Deuda externa acumulada, total (DOD, US$ a precios actuales)",DT.DOD.DECT.CD,Unión Europea,EUU,..,..,..,..,..,..,..,..,..,..,..,..,..,..,..,..,..,..,..,..
"Deuda externa acumulada, total (DOD, US$ a precios actuales)",DT.DOD.DECT.CD,Japón,JPN,..,..,..,..,..,..,..,..,..,..,..,..,..,..,..,..,..,..,..,..
"Deuda externa acumulada, total (DOD, US$ a precios actuales)",DT.DOD.DECT.CD,Mundo,WLD,..,..,..,..,..,..,..,..,..,..,..,..,..,..,..,..,..,..,..,..
"Total del servicio de la deuda (% de exportaciones de bienes, servicios e ingreso)",DT.TDS.DECT.EX.ZS,Estados Unidos,USA,..,..,..,..,..,..,..,..,..,..,..,..,..,..,..,..,..,..,..,..
"Total del servicio de la deuda (% de exportaciones de bienes, servicios e ingreso)",DT.TDS.DECT.EX.ZS,Unión Europea,EUU,..,..,..,..,..,..,..,..,..,..,..,..,..,..,..,..,..,..,..,..
"Total del servicio de la deuda (% de exportaciones de bienes, servicios e ingreso)",DT.TDS.DECT.EX.ZS,Japón,JPN,..,..,..,..,..,..,..,..,..,..,..,..,..,..,..,..,..,..,..,..
"Total del servicio de la deuda (% de exportaciones de bienes, servicios e ingreso)",DT.TDS.DECT.EX.ZS,Mundo,WLD,..,..,..,..,..,..,..,..,..,..,..,..,..,..,..,..,..,..,..,..
Migración neta,SM.POP.NETM,Estados Unidos,USA,..,..,5334893,..,..,..,..,5428756,..,..,..,..,4961716,..,..,..,..,4774029,..,..
Migración neta,SM.POP.NETM,Unión Europea,EUU,..,..,6853594,..,..,..,..,3767581,..,..,..,..,3377263,..,..,..,..,4281648,..,..
Migración neta,SM.POP.NETM,Japón,JPN,..,..,164199,..,..,..,..,277580,..,..,..,..,358133,..,..,..,..,357800,..,..
Migración neta,SM.POP.NETM,Mundo,WLD,..,..,0,..,..,..,..,0,..,..,..,..,0,..,..,..,..,0,..,..
"Transferencias personales y remuneración de empleados, recibidos (balanza de pagos, US$ a precios actuales)",BX.TRF.PWKR.CD.DT,Estados Unidos,USA,4395000000,4513000000,4570000000,4672000000,4734000000,4795000000,5068000000,5219000000,5364000000,5740000000,5930000000,6104000000,6303000000,6613000000,6503000000,6578000000,6330000000,6126000000,6668000000,6835000000
"Transferencias personales y remuneración de empleados, recibidos (balanza de pagos, US$ a precios actuales)",BX.TRF.PWKR.CD.DT,Unión Europea,EUU,"29719401978,5527","31573494344,4491","35556406606,8222","44902017891,3302","53809096257,7751","59399218937,0701","66839211426,5703","80688890557,4543","93863774753,0584","88540451735,693","89348770596,6902","99040424616,5098","96573035808,4317","109934741780,663","114486152462,777","105324434884,824","106263600132,884","112217054377,605","119537542147,592","118191251310,726"
"Transferencias personales y remuneración de empleados, recibidos (balanza de pagos, US$ a precios actuales)",BX.TRF.PWKR.CD.DT,Japón,JPN,"773406710,355769","1249546432,01608","1126867032,88239","811141120,596297","773574711,069961","904981240,667081","1176988480,08515","1383930644,46261","1732378922,50103","1594532177,55192","1684468955,29358","2131729225,38912","2539577664,61313","2363853398,35665","3733912541,77727","3325097902,92664","3830448522,34687","4443028775,37986","4369453719,14417","4373839725,28365"
"Transferencias personales y remuneración de empleados, recibidos (balanza de pagos, US$ a precios actuales)",BX.TRF.PWKR.CD.DT,Mundo,WLD,"121769727355,462","132149049819,095","153023943803,655","188325100311,767","216368544586,621","253075764143,627","293234212814,455","350396861523,54","404898647228,365","388398159194,742","419476396676,451","470786491568,227","495482464645,34","526839355615,685","563541443310,853","568572521664,632","557055284336,026","594055333241,246","638606736993,991","653322840449,059"
"Inversión extranjera directa, entrada neta de capital (balanza de pagos, US$ a precios actuales)",BX.KLT.DINV.CD.WD,Estados Unidos,USA,349125000000,172496000000,111055000000,117106000000,213641000000,142344000000,298463000000,346613000000,341092000000,161083000000,264039000000,263497000000,250345000000,288131000000,251856000000,509087000000,494439000000,354649000000,258390000000,310811000000
"Inversión extranjera directa, entrada neta de capital (balanza de pagos, US$ a precios actuales)",BX.KLT.DINV.CD.WD,Unión Europea,EUU,"633986714307,455","366252770235,304","295343566624,832","293507610674,729","313828153578,018","731279136851,394","911860029116,067","1477512472583,05","828461316788,442","478990997026,24","539435823025,992","877921989824,164","570884522816,651","588631025536,31","419824283483,111","769422777925,146","714186136297,54","428328143491,052","71905793705,6974",..
"Inversión extranjera directa, entrada neta de capital (balanza de pagos, US$ a precios actuales)",BX.KLT.DINV.CD.WD,Japón,JPN,"10688168325,6084","4926033619,18462","11557373873,9419","8771535612,31506","7527948175,22325","5459618342,94079","-2396909736,30508","21631204435,6847","24624845329,5648","12226471578,7439","7440979284,16286","-850717035,068239","546962692,190728","10648441636,2071","19752249424,0871","5252218412,39172","40954181468,5533","18802251208,1069","24605910854,4883","37176832958,3322"
"Inversión extranjera directa, entrada neta de capital (balanza de pagos, US$ a precios actuales)",BX.KLT.DINV.CD.WD,Mundo,WLD,"1569118768884,7","895499916623,673","755583230625,121","737213330829,891","1010430393064,66","1563481637733,08","2202604164398,87","3135872889128,28","2478032194712,81","1446872840778,04","1916740277757,77","2365696435985,99","2065255689003,12","2184451618089,55","1942599797497,5","2675512016800,14","2672903906795,33","2066030133202,03","1349946364281,93",..
Ayuda oficial neta para el desarrollo y oficial neta recibidas (US$ a precios actuales),DT.ODA.ALLD.CD,Estados Unidos,USA,..,..,..,..,..,..,..,..,..,..,..,..,..,..,..,..,..,..,..,..
Ayuda oficial neta para el desarrollo y oficial neta recibidas (US$ a precios actuales),DT.ODA.ALLD.CD,Unión Europea,EUU,"3388050031,66199","3439329993,48641","2584620001,79291","3644569999,69483","4659490048,88535","123459999,084473","196509994,506836","162910003,662109","241059997,558594","168830001,831055","131550003,051758","280000,001192093",..,..,..,..,..,..,..,..
Ayuda oficial neta para el desarrollo y oficial neta recibidas (US$ a precios actuales),DT.ODA.ALLD.CD,Japón,JPN,..,..,..,..,..,..,..,..,..,..,..,..,..,..,..,..,..,..,..,..
Ayuda oficial neta para el desarrollo y oficial neta recibidas (US$ a precios actuales),DT.ODA.ALLD.CD,Mundo,WLD,"55205401367,1875","56140799316,4063","65917980957,0313","76113930175,7813","86086149902,3438",107130828125,"105529273437,5","106657695312,5",124677453125,124451421875,128633828125,139536328125,133767656250,151144750000,161516828125,146729062500,158804843750,164986703125,165785234375,..
"Desempleo, mujeres (% de la población activa femenina) (estimación modelado OIT)",SL.UEM.TOTL.FE.ZS,Estados Unidos,USA,"4,09999990463257","4,65299987792969","5,6100001335144","5,66099977493286","5,39699983596802","5,09700012207031","4,6269998550415","4,50099992752075","5,41800022125244","8,05900001525879","8,61200046539307","8,45899963378906","7,8899998664856","7,07100009918213","6,05900001525879","5,17700004577637","4,78800010681152","4,30800008773804","3,83699989318848","3,6159999370575"
"Desempleo, mujeres (% de la población activa femenina) (estimación modelado OIT)",SL.UEM.TOTL.FE.ZS,Unión Europea,EUU,"11,501860945939","10,5415834286081","10,6858172363395","10,6207906853062","10,7751359952589","10,5682720098031","9,59914876268076","8,32315697825953","7,88702728875587","9,26111763816172","9,93411432875886","10,0725131949747","10,9666859709344","11,4710767491121","11,0414388266153","10,1901732933284","9,39351084001335","8,44231940404522","7,58323323461671","7,02924631283187"
"Desempleo, mujeres (% de la población activa femenina) (estimación modelado OIT)",SL.UEM.TOTL.FE.ZS,Japón,JPN,"4,46299982070923","4,70300006866455","5,15899991989136","4,94099998474121","4,40399980545044","4,16599988937378","3,86700010299683","3,77999997138977","3,82299995422363","4,80800008773804","4,63100004196167","4,13899993896484","3,95499992370605","3,65799999237061","3,42600011825562","3,11299991607666","2,81399989128113","2,63499999046326","2,17799997329712","2,14499998092651"
"Desempleo, mujeres (% de la población activa femenina) (estimación modelado OIT)",SL.UEM.TOTL.FE.ZS,Mundo,WLD,"5,94191588271719","5,98798896493636","6,24144492625074","6,36800265685901","6,27025715882193","6,17523227401572","5,85363054753809","5,58669238757064","5,47617807926922","6,09238833467485","6,07979625771917","5,96171569646744","5,9222038205971","5,91436129220219","5,78691022530685","5,82876972059038","5,87608752666106","5,7763971047786","5,58075091615185","5,58149429768981"
"Desempleo, total (% de la población activa total) (estimación modelado OIT)",SL.UEM.TOTL.ZS,Estados Unidos,USA,"3,99200010299683","4,73099994659424","5,78299999237061","5,98899984359741","5,52899980545044","5,08300018310547","4,6230001449585","4,62200021743774","5,78399991989136","9,25399971008301","9,63300037384033","8,94900035858154","8,06900024414063","7,375","6,16800022125244","5,28000020980835","4,86899995803833","4,35500001907349","3,89599990844727","3,68199992179871"
"Desempleo, total (% de la población activa total) (estimación modelado OIT)",SL.UEM.TOTL.ZS,Unión Europea,EUU,"9,82330600961164","9,19577176027884","9,5410269027005","9,64656574865581","9,88208420816517","9,56983824512807","8,62527758901901","7,44805592344034","7,20004177720333","9,11664646252762","9,79571098162434","9,8361407265992","10,802605929153","11,3230983572354","10,8433454111489","10,023739047815","9,12477823255341","8,13561867600601","7,26940154221806","6,66397623866817"
"Desempleo, total (% de la población activa total) (estimación modelado OIT)",SL.UEM.TOTL.ZS,Japón,JPN,"4,69999980926514",5,"5,40000009536743","5,30000019073486","4,69999980926514","4,40000009536743","4,09999990463257","3,90000009536743",4,"5,09999990463257","5,09999990463257","4,52099990844727","4,30000019073486",4,"3,59999990463257","3,40000009536743","3,09999990463257","2,79999995231628","2,40000009536743","2,29099988937378"
"Desempleo, total (% de la población activa total) (estimación modelado OIT)",SL.UEM.TOTL.ZS,Mundo,WLD,"5,77399842998654","5,85395422135779","6,11316280139046","6,18853372134138","6,01597236206962","5,90129841962123","5,5940575230241","5,35351302155664","5,35253612423167","6,00315178677526","5,92220198758214","5,80358945279497","5,774086013327","5,77322338218318","5,63292182133044","5,63749003872706","5,66969437894162","5,56970135252954","5,39188896800973","5,39451360298479"
"Desempleo, varones (% de la población activa masculina) (estimación modelado OIT)",SL.UEM.TOTL.MA.ZS,Estados Unidos,USA,"3,90100002288818","4,79699993133545","5,92899990081787","6,26599979400635","5,6399998664856","5,07200002670288","4,61899995803833","4,72499990463257","6,09600019454956","10,2799997329712","10,5100002288818","9,36900043487549","8,22200012207031","7,63299989700317","6,26000022888184","5,36700010299683","4,93800020217896","4,39599990844727","3,94600009918213","3,73799991607666"
"Desempleo, varones (% de la población activa masculina) (estimación modelado OIT)",SL.UEM.TOTL.MA.ZS,Unión Europea,EUU,"8,5283697838466","8,15362512179289","8,64920445490999","8,88118254025473","9,17614845795178","8,77736510108313","7,84575747111667","6,74423927769489","6,64454687593243","8,99825433158796","9,68187854589154","9,6401906920564","10,6653864489342","11,1983760692147","10,6762683457534","9,88384775186312","8,89737965964245","7,87607304242612","7,00353587962938","6,35422683348076"
"Desempleo, varones (% de la población activa masculina) (estimación modelado OIT)",SL.UEM.TOTL.MA.ZS,Japón,JPN,"4,8600001335144","5,20300006866455","5,56400012969971","5,5460000038147","4,90399980545044","4,56300020217896","4,26300001144409","3,98399996757507","4,125","5,30800008773804","5,43599987030029","4,79500007629395","4,54899978637695","4,25099992752075","3,72900009155273","3,61500000953674","3,31699991226196","2,92700004577637","2,57399988174438","2,40599989891052"
"Desempleo, varones (% de la población activa masculina) (estimación modelado OIT)",SL.UEM.TOTL.MA.ZS,Mundo,WLD,"5,66430096419046","5,76638330816975","6,02956002003823","6,07153509909743","5,8501745872834","5,72234540992453","5,42522518116759","5,20205991531837","5,27246171446429","5,9457824044266","5,82101439434962","5,7027426438013","5,67953556297791","5,68337282956684","5,53524515907768","5,51611992699786","5,53844189578394","5,43802339516514","5,27121717241283","5,27564828160848"
"Población activa, total",SL.TLF.TOTL.IN,Estados Unidos,USA,146729576,147698388,148526037,149140813,150211571,152071960,153931108,155224880,157006864,157109264,156903447,156975333,158636184,158755710,159532062,160596354,162547573,164268059,165483017,166082835
"Población activa, total",SL.TLF.TOTL.IN,Unión Europea,EUU,199217046,199487250,200144636,201933394,203395227,205365646,206996811,208540629,210215521,210743587,211354253,210739030,212039861,212597037,213265285,213640167,214618312,215671511,216488451,215928189
"Población activa, total",SL.TLF.TOTL.IN,Japón,JPN,67652881,67601019,67173003,67065336,66725257,66734012,66802058,67143470,67100796,66914282,66663144,66043052,65639408,65970039,66175617,66363530,66850743,67288388,68358370,68048596
"Población activa, total",SL.TLF.TOTL.IN,Mundo,WLD,2760410612,2797040580,2838912969,2883821977,2932247001,2978118240,3014743223,3054910370,3090361014,3123387038,3152655443,3183946265,3218194184,3250599724,3283330912,3319710285,3354403108,3391647862,3427481440,3459586765
"Población de 65 años de edad y más, hombres",SP.POP.65UP.MA.IN,Estados Unidos,USA,14414059,14620751,14818992,15016619,15239541,15480384,15790766,16118061,16483342,16901413,17391871,17962743,18603482,19289958,20015668,20761867,21550046,22314476,23058935,..
"Población de 65 años de edad y más, hombres",SP.POP.65UP.MA.IN,Unión Europea,EUU,26983341,27574609,28190807,28822235,29404371,29908385,30480380,30977641,31440947,31918126,32456153,33001840,33755536,34601585,35454260,36267554,37089281,37838290,38556689,..
"Población de 65 años de edad y más, hombres",SP.POP.65UP.MA.IN,Japón,JPN,8956200,9282301,9608821,9936892,10251173,10568710,10885517,11201906,11520347,11864448,12257292,12640688,13061619,13497300,13914095,14294734,14634284,14930064,15185127,..
"Población de 65 años de edad y más, hombres",SP.POP.65UP.MA.IN,Mundo,WLD,182952454,188218654,193541290,198763477,203579405,207872757,212957354,217597595,222107021,226798888,231918472,238213477,244914071,252106319,260008753,268746349,279268134,290411331,301860619,..
"Población de 65 años de edad y más, mujeres",SP.POP.65UP.FE.IN,Estados Unidos,USA,20387123,20469861,20534403,20601784,20724462,20902768,21152004,21452009,21818559,22251373,22763564,23320072,23957268,24649583,25398693,26188371,26999911,27796212,28582660,..
"Población de 65 años de edad y más, mujeres",SP.POP.65UP.FE.IN,Unión Europea,EUU,40416964,40935135,41510324,42133057,42723982,43248039,43743438,44167962,44565794,44992413,45507432,45918187,46622329,47480483,48384702,49271108,50063869,50801131,51530044,..
"Población de 65 años de edad y más, mujeres",SP.POP.65UP.FE.IN,Japón,JPN,12587381,12978169,13370380,13766451,14148188,14541693,14912658,15291655,15675525,16087526,16555986,16963837,17414552,17887816,18350685,18786503,19136532,19441927,19708026,..
"Población de 65 años de edad y más, mujeres",SP.POP.65UP.FE.IN,Mundo,WLD,237176353,242573155,248226002,253971693,259457917,264534249,269942107,274996267,280057565,285514656,291676040,298568959,306233426,314699076,324104379,334532624,346160757,358609161,371579629,..
"Población de 65 años de edad y más, total",SP.POP.65UP.TO,Estados Unidos,USA,34801176,35090876,35353639,35618525,35964061,36383151,36942166,37569159,38300984,39152172,40155435,41282103,42559976,43939066,45414232,46950237,48549959,50110709,51641630,..
"Población de 65 años de edad y más, total",SP.POP.65UP.TO,Unión Europea,EUU,67400323,68508730,69700019,70954595,72128136,73156433,74223643,75144939,76005592,76909417,77963571,78917515,80374178,82078616,83836853,85538662,87152447,88638593,90085964,..
"Población de 65 años de edad y más, total",SP.POP.65UP.TO,Japón,JPN,21543580,22260296,22978947,23703098,24399197,25110400,25797976,26493151,27195327,27951519,28813280,29603888,30475171,31384095,32264097,33081239,33770147,34370970,34892133,..
"Población de 65 años de edad y más, total",SP.POP.65UP.TO,Mundo,WLD,420128869,430789741,441763952,452731716,463035050,472407100,482896162,492589391,502160379,512310767,523594518,536777826,551140642,566798712,584108969,603278969,625426009,649016774,673436939,..
"Población entre 0 y 14 años de edad, hombres",SP.POP.0014.MA.IN,Estados Unidos,USA,31330276,31396354,31501156,31584885,31622791,31577348,31782381,31886002,31928302,31946371,31967004,31898118,31801547,31687668,31593585,31510030,31404869,31327678,31239420,..
"Población entre 0 y 14 años de edad, hombres",SP.POP.0014.MA.IN,Unión Europea,EUU,37177191,36683582,36239064,35865768,35545528,35275100,35150050,35079113,35040329,34982826,34882066,34828360,34793521,34749885,34726527,34736210,34691936,34714260,34775123,..
"Población entre 0 y 14 años de edad, hombres",SP.POP.0014.MA.IN,Japón,JPN,9625977,9515389,9398422,9283012,9167575,9072012,8983847,8928017,8883347,8834377,8781659,8732166,8675816,8613124,8547248,8479674,8420062,8340585,8247185,..
"Población entre 0 y 14 años de edad, hombres",SP.POP.0014.MA.IN,Mundo,WLD,949936770,951979507,951337841,949166238,947539333,947552199,949437926,952666280,957118860,961941811,966669617,972251569,977693169,983081263,988580820,994159413,1000025001,1005787566,1011137062,..
"Población entre 0 y 14 años de edad, mujeres",SP.POP.0014.FE.IN,Estados Unidos,USA,29907093,29953328,30039941,30115848,30158889,30129872,30332735,30438116,30486117,30509793,30530820,30491299,30409425,30300803,30208459,30127998,30029421,29959876,29880716,..
"Población entre 0 y 14 años de edad, mujeres",SP.POP.0014.FE.IN,Unión Europea,EUU,35331567,34867727,34445583,34089653,33785243,33529537,33395964,33319358,33278780,33222483,33121786,33057673,33010219,32952136,32911492,32900347,32849579,32858413,32903910,..
"Población entre 0 y 14 años de edad, mujeres",SP.POP.0014.FE.IN,Japón,JPN,9126335,9021855,8910849,8800893,8690637,8598839,8515507,8463087,8421074,8374067,8321810,8277190,8225217,8165949,8102183,8035159,7980334,7906038,7817817,..
"Población entre 0 y 14 años de edad, mujeres",SP.POP.0014.FE.IN,Mundo,WLD,893280463,894521217,892966461,889858375,887364917,886624808,887674407,890214897,894101647,898428955,902703156,908010567,913219073,918423603,923800942,929317279,935328390,941262629,946850097,..
"Población entre 0 y 14 años de edad, total",SP.POP.0014.TO,Estados Unidos,USA,61237370,61349552,61540958,61700652,61781645,61707218,62115320,62324459,62414797,62456435,62497826,62389679,62211250,61988641,61802095,61638027,61434232,61287489,61120095,..
"Población entre 0 y 14 años de edad, total",SP.POP.0014.TO,Unión Europea,EUU,72508771,71551630,70685008,69955653,69330853,68804626,68546087,68398708,68319523,68205703,68003865,67886842,67804934,67703125,67638708,67636573,67541776,67573005,67679351,..
"Población entre 0 y 14 años de edad, total",SP.POP.0014.TO,Japón,JPN,18752313,18537284,18309332,18083961,17858252,17670854,17499393,17391195,17304542,17208544,17103469,17009491,16901251,16779297,16649583,16514831,16400528,16246827,16065209,..
"Población entre 0 y 14 años de edad, total",SP.POP.0014.TO,Mundo,WLD,1843217225,1846494859,1844294891,1839014803,1834897738,1834176990,1837112292,1842883827,1851225924,1860376010,1869372815,1880268991,1890920283,1901511105,1912385201,1923476702,1935358125,1947058373,1957996874,..
"Población entre 15 y 64 años de edad, hombres",SP.POP.1564.MA.IN,Estados Unidos,USA,93239646,94410726,95474911,96471064,97587329,98768475,99695551,100693346,101717388,102625726,103405231,104049469,104679561,105229771,105788452,106319959,106806372,107149699,107346573,..
"Población entre 15 y 64 años de edad, hombres",SP.POP.1564.MA.IN,Unión Europea,EUU,144851384,145066056,145423802,145967633,146546226,147100873,147366627,147668376,147934404,148025937,147900423,147041562,146664700,146418095,146175382,145889436,145654074,145294518,144936889,..
"Población entre 15 y 64 años de edad, hombres",SP.POP.1564.MA.IN,Japón,JPN,43707887,43615246,43524231,43419292,43215631,42973812,42759264,42545551,42278072,41952994,41604516,41137820,40659104,40183780,39739205,39349870,38988697,38661365,38365439,..
"Población entre 15 y 64 años de edad, hombres",SP.POP.1564.MA.IN,Mundo,WLD,1944338062,1977317436,2012898903,2050233932,2087738618,2124394076,2158768472,2192471984,2225660891,2258177862,2290075212,2319165198,2348801393,2378401538,2407546691,2435915269,2462572821,2488493425,2513570542,..
"Población entre 15 y 64 años de edad, mujeres",SP.POP.1564.FE.IN,Estados Unidos,USA,92884214,94117935,95255789,96317733,97472285,98657753,99626475,100643672,101660259,102536853,103263176,103835172,104379707,104835932,105296151,105726939,106150693,106437598,106579196,..
"Población entre 15 y 64 años de edad, mujeres",SP.POP.1564.FE.IN,Unión Europea,EUU,144568168,144768523,145072358,145537594,146034888,146520012,146861590,147255954,147616420,147776012,147664549,146899361,146549627,146267291,145924299,145479100,145136345,144625627,144083636,..
"Población entre 15 y 64 años de edad, mujeres",SP.POP.1564.FE.IN,Japón,JPN,42839220,42736040,42632297,42511460,42287796,42017934,41797207,41570784,41284635,40933588,40548737,40081298,39592692,39097031,38622584,38195060,37834602,37505818,37205507,..
"Población entre 15 y 64 años de edad, mujeres",SP.POP.1564.FE.IN,Mundo,WLD,1904116650,1936530565,1971223387,2007338808,2043337178,2078256581,2111453512,2143773746,2175412341,2206281587,2236434970,2264296046,2292589146,2320663107,2347987943,2374183731,2398890779,2422523214,2445023359,..
"Población entre 15 y 64 años de edad, total",SP.POP.1564.TO,Estados Unidos,USA,186123865,188528528,190730595,192788756,195059592,197426230,199322426,201337589,203378186,205162922,206668404,207885093,209059763,210066008,211084681,212046899,212957120,213587340,213925776,..
"Población entre 15 y 64 años de edad, total",SP.POP.1564.TO,Unión Europea,EUU,289419527,289835272,290496921,291505694,292581249,293620893,294228323,294924755,295551560,295802677,295564975,293942620,293216813,292687731,292101100,291368526,290790854,289920642,289020974,..
"Población entre 15 y 64 años de edad, total",SP.POP.1564.TO,Japón,JPN,86547107,86351420,86156721,85930942,85503551,84991747,84556631,84116655,83563130,82886937,82153251,81219621,80252578,79281609,78362321,77544929,76823835,76168000,75571759,..
"Población entre 15 y 64 años de edad, total",SP.POP.1564.TO,Mundo,WLD,3848454670,3913855934,3984135046,4057586010,4131084573,4202650595,4270225325,4336247546,4401072020,4464456992,4526510133,4583458995,4641389354,4699065073,4755535355,4810098991,4861461723,4911012178,4958587504,..
"Población activa, mujeres (% de la población activa total)",SL.TLF.TOTL.FE.ZS,Estados Unidos,USA,"45,5626451207083","45,6214924972641","45,6733656739256","45,8236713514496","45,7548260380021","45,7873068776124","45,7696374146803","45,822590424937","45,973008543117","46,1800400261566","46,1838904023568","46,1111440993089","45,9391729947311","45,9100362437357","45,9658479183952","45,86337744629","45,8706799639512","46,0250833060613","46,0536744988158","46,031117544447"
"Población activa, mujeres (% de la población activa total)",SL.TLF.TOTL.FE.ZS,Unión Europea,EUU,"43,5523287209535","43,6437828117458","43,7873353748037","43,9992988777314","44,1390393268365","44,2474092696829","44,4518447730884","44,5756001819674","44,7224056807641","44,9739218401562","45,145884785456","45,3379288813376","45,5115824141048","45,6504427342921","45,7278789521869","45,7401909689603","45,8089988536579","45,8335166561106","45,8457615750989","45,8732389035134"
"Población activa, mujeres (% de la población activa total)",SL.TLF.TOTL.FE.ZS,Japón,JPN,"40,3536000188965","40,5562007874467","40,5240480316177","40,6954421282554","40,8528123016446","40,9979681725115","41,1244216458122","41,1193955272196","41,2595492905926","41,5918159295201","41,7343382424327","41,7652321700699","41,9368300823188","42,348606160442","42,5907279413806","42,8051657288273","43,1109479217007","43,5027214502449","43,9358633039378","44,024155913518"
"Población activa, mujeres (% de la población activa total)",SL.TLF.TOTL.FE.ZS,Mundo,WLD,"39,4934768056119","39,474708616563","39,4756968702421","39,5091992677339","39,487060969162","39,5030370181024","39,4143956986585","39,3723637006829","39,2617960838174","39,2213486657007","39,101824518665","38,9982659076052","38,9070189080169","38,8818678357605","38,8641610465808","38,8717763630743","38,8832818721311","38,8973918467739","38,9164716284355","38,8490328796402"
,,,,,,,,,,,,,,,,,,,,,,,
,,,,,,,,,,,,,,,,,,,,,,,
,,,,,,,,,,,,,,,,,,,,,,,
Data from Database: Indicadores del desarrollo mundial,,,,,,,,,,,,,,,,,,,,,,,
Last Updated: 05/28/2020,,,,,,,,,,,,,,,,,,,,,,,
